item_id,product,Count
1,F2H Fiber,452
2,Telco Churn Prevention Report,131
3,Prepaid Analysis Report,90
4,Unlimited Data Plans,209
5,Prepaid Analysis Report,86
6,Digital Trends - Mary Meeker,26
7,Broadband Premium,392
8,Unlimited Data Plans,219
9,4G LTE,299
10,Prepaid Analysis Report,89
11,National Roaming Free,236
12,4G iPhone Combo,267
13,Dealer Wireline,184
14,Dealer Wireline,183
15,4G LTE,293
16,Digital Trends - Mary Meeker,39
17,Prepaid Analysis Report,92
18,Local Telco Hotspots,10
19,Local Complaints Log,69
20,Local Complaints Log,72
21,Postpaid Analytics,84
22,4G LTE,297
23,Dealer Wireline,182
24,Dealer Wireless,174
25,4G LTE,293
26,Local Complaints Log,73
27,Telco Trends Report,57
28,4G LTE,49
28,4G iPhone Combo,227
29,Telco Microsegments,114
30,Digital Trends - Mary Meeker,37
31,Customer Targeting Reports,154
32,Postpaid Analytics,81
33,Prepaid Analysis Report,97
34,Local Telco Hotspots,7
35,Local Telco Hotspots,11
36,Local Telco Hotspots,13
37,Local Telco Hotspots,8
38,Telco Microsegments,120
39,Prepaid Analysis Report,87
40,Telco Trends Report,57
41,Digital Trends - Mary Meeker,37
42,Fiber Copper Cable,148
43,Digital Trends - Mary Meeker,40
44,Postpaid Analytics,79
45,Postpaid Analytics,80
46,Digital Trends - Mary Meeker,27
47,Customer Portfolio MS,133
48,Telco Microsegments,117
49,Postpaid Analytics,81
50,Wireless Broadband,583
51,Postpaid Analytics,81
52,Prepaid Analysis Report,91
53,Telco Churn Prevention Report,128
54,Telco Microsegments,104
55,Customer Targeting Reports,149
56,Broadband Premium,394
57,Digital Trends - Mary Meeker,40
58,Dealer Wireline,175
59,Postpaid Analytics,83
60,Local Complaints Log,64
61,Local Complaints Log,59
62,Telco Churn Prevention Report,127
63,Postpaid Analytics,82
64,4G LTE,283
65,Telco Microsegments,115
66,National Connectivity Plan,162
67,Telco Microsegments,103
68,Customer Portfolio MS,134
69,4G LTE,321
70,US-UK Roaming,251
71,Unlimited Data Plans,220
72,Telco Churn Prevention Report,129
73,Telco Churn Prevention Report,128
74,Local Telco Hotspots,7
75,Local Telco Hotspots,5
76,Telco Trends Report,54
77,Customer Targeting Reports,151
78,Digital Trends - Mary Meeker,33
79,Postpaid Platinum,336
80,Local Complaints Log,68
81,Telco Microsegments,110
82,4G iPhone Combo,261
83,Dealer Wireline,176
84,Local Telco Hotspots,18
85,Telco Trends Report,58
86,Customer Targeting Reports,150
87,Customer Portfolio MS,138
88,Unlimited Data Plans,213
89,4G iPhone Combo,275
90,Prepaid Analysis Report,95
91,Customer Portfolio MS,143
92,Telco Microsegments,104
93,Telco Microsegments,112
94,Customer Portfolio MS,137
95,Unlimited Data Plans,219
96,4G LTE,295
97,Offline Music Packs,256
98,Broadband Premium,390
99,Dealer Wireless,172
100,Postpaid,508
101,Local Complaints Log,73
102,Telco Trends Report,54
103,Local Telco Hotspots,15
104,Local Telco Hotspots,5
105,Postpaid Analytics,74
106,Local Complaints Log,71
107,Digital Trends - Mary Meeker,42
108,Local Complaints Log,65
109,Telco Churn Prevention Report,130
110,Digital Trends - Mary Meeker,31
111,4G iPhone Combo,272
112,Local Telco Hotspots,20
113,Local Telco Hotspots,9
114,Local Complaints Log,67
115,Local Telco Hotspots,15
116,Telco Churn Prevention Report,125
117,Broadband Premium,378
118,4G LTE,293
119,Local Telco Hotspots,4
120,Local Complaints Log,67
121,Prepaid International,263
121,Postpaid Roaming,166
122,Telco Microsegments,106
123,Telco Microsegments,115
124,Dealer Wireline,187
125,National Roaming Free,244
126,Prepaid Analysis Report,97
127,Postpaid Roaming,97
127,Broadband Basic,316
128,Local Complaints Log,65
129,Telco Churn Prevention Report,129
130,Local Telco Hotspots,23
131,Prepaid Analysis Report,95
132,US-UK Roaming,246
133,Dealer Wireless,171
134,Business Postpaid,198
135,Offline Music Packs,259
136,Telco Microsegments,105
137,Dealer Wireless,171
138,Local Telco Hotspots,19
139,DTH Performance Yearly,50
140,Local Complaints Log,61
141,Local Complaints Log,72
142,Telco Trends Report,57
143,Unlimited Data Plans,222
144,National Roaming Free,243
145,Local Complaints Log,65
146,Local Telco Hotspots,10
147,Dealer Wireline,185
148,Telco Churn Prevention Report,128
149,Local Telco Hotspots,23
150,Customer Targeting Reports,157
151,Postpaid Platinum,326
152,Postpaid Analytics,82
153,US-UK Roaming,247
154,Dealer Wireless,174
155,Prepaid Analysis Report,98
156,Fiber Copper Cable,148
157,Telco Churn Prevention Report,127
158,Local Complaints Log,60
159,Telco Microsegments,101
160,Local Complaints Log,69
161,Unlimited Data Plans,220
162,Telco Microsegments,106
163,Prepaid Analysis Report,92
164,Customer Targeting Reports,151
165,Local Complaints Log,64
166,Telco Trends Report,58
167,Local Complaints Log,67
168,4G LTE,316
169,Telco Microsegments,118
170,Telco Microsegments,121
171,Local Complaints Log,65
172,Broadband Premium,198
172,Broadband Family,169
173,Postpaid Platinum,36
173,4G LTE,288
174,Postpaid Roaming,420
175,Unlimited Data Plans,208
176,4G LTE,284
177,Customer Portfolio MS,137
178,Telco Churn Prevention Report,125
179,Unlimited Data Plans,221
180,Unlimited Data Plans,221
181,DSL,507
182,Unlimited Data Plans,226
183,4G LTE,291
184,Telco Microsegments,116
185,National Roaming Free,239
186,US-UK Roaming,251
187,Unlimited Data Plans,209
188,Dealer Wireless,170
189,Local Complaints Log,66
190,Telco Churn Prevention Report,124
191,4G iPhone Combo,276
192,Telco Microsegments,116
193,Customer Targeting Reports,157
194,National Roaming Free,241
195,4G LTE,301
196,US-UK Roaming,251
197,National Roaming Free,239
198,Telco Churn Prevention Report,127
199,3G Rural,165
200,Unlimited Data Plans,206
201,Prepaid Analysis Report,89
202,4G LTE,280
203,Dealer Wireline,182
204,Broadband Family,350
205,Customer Portfolio MS,136
206,DTH Performance Yearly,50
207,Local Complaints Log,66
208,Business Postpaid,200
209,Business Postpaid,191
210,Postpaid Platinum,331
211,Unlimited Data Plans,206
212,Prepaid Analysis Report,92
213,Customer Portfolio MS,134
214,Telco Microsegments,114
215,Unlimited Data Plans,212
216,4G LTE,290
217,Telco Microsegments,120
218,Dealer Wireless,171
219,Telco Microsegments,111
220,Local Complaints Log,66
221,Postpaid Analytics,74
222,Broadband Family,365
223,Customer Portfolio MS,136
224,DTH Performance Yearly,44
225,Telco Microsegments,109
226,3G Rural,166
227,National Connectivity Plan,161
228,National Roaming Free,244
229,Dealer Wireless,171
230,Business Postpaid,199
231,Customer Portfolio MS,142
232,Telco Microsegments,101
233,Telco Churn Prevention Report,124
234,4G LTE,280
235,Unlimited Data Plans,217
236,DTH Performance Yearly,45
237,Broadband Premium,384
238,Offline Music Packs,256
239,Customer Targeting Reports,150
240,Customer Targeting Reports,156
241,Telco Churn Prevention Report,128
242,Telco Microsegments,117
243,Customer Portfolio MS,127
243,Telco Churn Prevention Report,5
244,DTH Performance Yearly,48
245,National Roaming Free,240
246,Telco Churn Prevention Report,95
246,Telco Microsegments,29
247,Local Telco Hotspots,5
248,Customer Targeting Reports,91
248,National Connectivity Plan,20
248,Fiber Coax Cable,49
249,Telco Churn Prevention Report,130
250,Business Postpaid,197
251,DTH Performance Yearly,46
252,Customer Targeting Reports,158
253,Digital Trends - Mary Meeker,26
254,Local Complaints Log,62
255,Dealer Wireless,172
256,Local Telco Hotspots,16
257,4G LTE,303
258,Prepaid,509
259,National Connectivity Plan,162
260,Telco Churn Prevention Report,127
261,Digital Trends - Mary Meeker,43
262,Local Complaints Log,66
263,Local Telco Hotspots,19
264,Telco Microsegments,101
265,Unlimited Data Plans,227
266,Digital Trends - Mary Meeker,35
267,Local Telco Hotspots,9
268,Offline Music Packs,255
269,4G LTE,315
270,Customer Portfolio MS,136
271,Unlimited Data Plans,211
272,Business Postpaid,198
273,Unlimited Data Plans,223
274,Dealer Wireline,99
274,Business Postpaid,91
275,4G iPhone Combo,268
276,4G LTE,298
277,Local Complaints Log,71
278,Local Complaints Log,60
279,Digital Trends - Mary Meeker,28
280,Prepaid Analysis Report,85
281,Fiber Copper Cable,146
282,National Roaming Free,232
283,Dealer Wireline,177
284,Business Postpaid,193
285,National Connectivity Plan,162
286,DTH HD,96
286,DTH SD,385
287,Postpaid Analytics,78
288,F2H Fiber,236
288,DTH SD,242
289,4G iPhone Combo,259
290,Prepaid Analysis Report,96
291,Telco Churn Prevention Report,127
292,Telco Microsegments,114
293,Fiber Copper Cable,147
294,DSL,14
294,DTH HD,471
295,Postpaid Analytics,77
296,Local Telco Hotspots,6
297,Telco Trends Report,50
298,Business Postpaid,194
299,Local Complaints Log,73
300,Prepaid International,431
301,Unlimited Data Plans,230
302,4G LTE,297
303,Customer Portfolio MS,134
304,Fiber Copper Cable,6
304,Customer Targeting Reports,143
305,Prepaid Analysis Report,87
306,Prepaid Analysis Report,96
307,Dealer Wireline,188
308,Digital Trends - Mary Meeker,30
309,Digital Trends - Mary Meeker,28
310,Customer Portfolio MS,126
310,Fiber Copper Cable,19
311,Postpaid Analytics,75
312,Postpaid Analytics,80
313,Broadband Family,350
314,Local Telco Hotspots,5
315,Customer Targeting Reports,160
316,Telco Microsegments,112
317,Telco Microsegments,102
318,4G LTE,298
319,3G Rural,168
320,Local Telco Hotspots,20
321,3G Rural,169
322,Unlimited Data Plans,218
323,National Roaming Free,240
324,Telco Churn Prevention Report,125
325,Telco Churn Prevention Report,128
326,Dealer Wireline,16
326,Dealer Wireless,159
327,Dealer Wireless,175
328,4G LTE,295
329,DTH Performance Yearly,45
330,Digital Trends - Mary Meeker,41
331,Telco Microsegments,113
332,Customer Portfolio MS,143
333,US-UK Roaming,251
334,Local Complaints Log,64
335,Local Telco Hotspots,21
336,DTH Performance Yearly,43
337,Local Telco Hotspots,18
338,Prepaid Analysis Report,91
339,DTH Performance Yearly,47
340,Dealer Wireline,189
341,Local Telco Hotspots,11
342,Telco Trends Report,52
343,Telco Microsegments,124
344,Telco Trends Report,55
345,Local Complaints Log,65
346,Telco Churn Prevention Report,126
347,Customer Portfolio MS,137
348,Digital Trends - Mary Meeker,27
349,Digital Trends - Mary Meeker,31
350,Digital Trends - Mary Meeker,41
351,Local Telco Hotspots,20
352,Digital Trends - Mary Meeker,26
353,Local Telco Hotspots,14
354,Local Complaints Log,72
355,Digital Trends - Mary Meeker,41
356,Prepaid Analysis Report,97
357,4G iPhone Combo,264
358,Customer Portfolio MS,143
359,Local Telco Hotspots,18
360,Local Telco Hotspots,10
361,Local Telco Hotspots,10
362,Digital Trends - Mary Meeker,28
363,DTH Performance Yearly,47
364,Digital Trends - Mary Meeker,37
365,DTH Performance Yearly,48
366,DTH Performance Yearly,47
367,Dealer Wireless,170
368,Digital Trends - Mary Meeker,31
369,Telco Trends Report,55
370,Digital Trends - Mary Meeker,39
371,Local Complaints Log,67
372,Digital Trends - Mary Meeker,34
373,Digital Trends - Mary Meeker,39
374,Local Telco Hotspots,11
375,Local Telco Hotspots,23
376,Local Telco Hotspots,24
377,Local Telco Hotspots,13
378,Telco Microsegments,101
379,DTH Performance Yearly,43
380,Telco Microsegments,116
381,Telco Microsegments,100
382,Telco Microsegments,111
383,Digital Trends - Mary Meeker,31
384,Local Complaints Log,69
385,Unlimited Data Plans,208
386,Prepaid Analysis Report,87
387,Local Complaints Log,65
388,Digital Trends - Mary Meeker,28
389,Digital Trends - Mary Meeker,27
390,Local Telco Hotspots,10
391,Local Complaints Log,59
392,Local Complaints Log,68
393,Business Postpaid,192
394,Local Telco Hotspots,12
395,Telco Trends Report,56
396,Telco Trends Report,54
397,Local Telco Hotspots,12
398,Digital Trends - Mary Meeker,26
399,Prepaid Analysis Report,89
400,Local Telco Hotspots,18
401,Postpaid Analytics,76
402,Dealer Wireless,170
403,Business Postpaid,201
404,Telco Microsegments,101
405,Postpaid Platinum,344
406,DTH Performance Yearly,49
407,DTH Performance Yearly,43
408,Telco Microsegments,112
409,Local Complaints Log,70
410,National Connectivity Plan,162
411,National Connectivity Plan,145
411,3G Rural,18
412,Prepaid Analysis Report,93
413,Telco Trends Report,55
414,Local Complaints Log,62
415,Local Telco Hotspots,25
416,Local Complaints Log,64
417,Local Complaints Log,73
418,Telco Churn Prevention Report,129
419,Dealer Wireline,178
420,Postpaid Analytics,81
421,Telco Microsegments,106
422,Local Telco Hotspots,26
423,4G LTE,300
424,Local Telco Hotspots,19
425,Prepaid Analysis Report,28
425,Postpaid Analytics,57
426,Digital Trends - Mary Meeker,32
427,Unlimited Data Plans,219
428,Telco Microsegments,121
429,Prepaid Analysis Report,97
430,Prepaid Analysis Report,93
431,Customer Targeting Reports,153
432,Dealer Wireless,174
433,Dealer Wireless,171
434,Local Complaints Log,67
435,Unlimited Data Plans,216
436,Telco Microsegments,99
437,Local Telco Hotspots,5
438,Local Telco Hotspots,6
439,Local Telco Hotspots,5
440,Local Telco Hotspots,14
441,Telco Trends Report,53
442,Local Telco Hotspots,4
443,National Connectivity Plan,162
444,DTH Performance Yearly,46
445,Local Telco Hotspots,22
446,Local Telco Hotspots,9
447,Telco Microsegments,121
448,Prepaid Analysis Report,85
449,Telco Microsegments,117
450,Local Complaints Log,63
451,Dealer Wireless,170
452,Local Complaints Log,66
453,Local Telco Hotspots,16
454,Local Telco Hotspots,16
455,Customer Portfolio MS,145
456,DTH Performance Yearly,48
457,Digital Trends - Mary Meeker,27
458,Prepaid Analysis Report,90
459,Local Telco Hotspots,24
460,Digital Trends - Mary Meeker,28
461,Postpaid Analytics,74
462,Fiber Copper Cable,148
463,Local Complaints Log,71
464,Digital Trends - Mary Meeker,27
465,Prepaid Analysis Report,85
466,Telco Trends Report,52
467,DTH Performance Yearly,48
468,Local Complaints Log,64
469,Local Complaints Log,67
470,Telco Microsegments,108
471,Unlimited Data Plans,221
472,Customer Targeting Reports,158
473,Telco Churn Prevention Report,126
474,Business Postpaid,194
475,US-UK Roaming,250
476,Customer Targeting Reports,160
477,Prepaid Analysis Report,95
478,Telco Microsegments,104
479,Dealer Wireline,179
480,Dealer Wireline,179
481,Local Complaints Log,63
482,Telco Churn Prevention Report,128
483,National Roaming Free,243
484,Customer Portfolio MS,138
485,Telco Churn Prevention Report,125
486,Local Complaints Log,64
487,Local Complaints Log,68
488,Local Complaints Log,65
489,Telco Trends Report,52
490,Telco Trends Report,50
491,Local Complaints Log,67
492,Local Complaints Log,59
493,Local Complaints Log,60
494,Telco Trends Report,56
495,Telco Trends Report,38
495,Local Complaints Log,21
496,National Roaming Free,231
497,Local Complaints Log,68
498,Customer Targeting Reports,152
499,Local Complaints Log,62
500,Digital Trends - Mary Meeker,31
501,Telco Microsegments,123
502,Telco Trends Report,57
503,Digital Trends - Mary Meeker,39
504,Telco Microsegments,122
505,Local Complaints Log,68
506,Prepaid Analysis Report,90
507,Telco Microsegments,98
508,Unlimited Data Plans,215
509,Telco Microsegments,121
510,Telco Microsegments,121
511,Dealer Wireless,173
512,Telco Trends Report,57
513,Local Complaints Log,72
514,Dealer Wireline,180
515,Business Postpaid,201
516,Local Complaints Log,63
517,Prepaid Analysis Report,91
518,Prepaid Analysis Report,89
519,Postpaid Analytics,80
520,Telco Churn Prevention Report,124
521,Telco Microsegments,120
522,Digital Trends - Mary Meeker,35
523,3G Rural,164
524,DTH Performance Yearly,46
525,Local Complaints Log,73
526,Telco Microsegments,124
527,Business Postpaid,195
528,Telco Microsegments,121
529,Prepaid Analysis Report,93
530,Postpaid Analytics,80
531,Telco Churn Prevention Report,129
532,Local Telco Hotspots,22
533,Local Telco Hotspots,15
534,Local Telco Hotspots,13
535,Telco Trends Report,54
536,Local Telco Hotspots,10
537,Digital Trends - Mary Meeker,30
538,Local Complaints Log,66
539,DTH Performance Yearly,44
540,DTH Performance Yearly,43
541,DTH Performance Yearly,49
542,Telco Trends Report,51
543,Local Telco Hotspots,21
544,Local Complaints Log,71
545,Local Telco Hotspots,12
546,US-UK Roaming,254
547,Digital Trends - Mary Meeker,41
548,Local Telco Hotspots,12
549,Prepaid Analysis Report,92
550,Customer Targeting Reports,151
551,Local Telco Hotspots,24
552,DTH Performance Yearly,45
553,Local Complaints Log,63
554,Telco Microsegments,102
555,Local Telco Hotspots,10
556,Local Telco Hotspots,12
557,Local Telco Hotspots,17
558,Local Complaints Log,70
559,Customer Portfolio MS,137
560,Local Telco Hotspots,22
561,Local Complaints Log,59
562,DTH Performance Yearly,48
563,Digital Trends - Mary Meeker,29
564,Digital Trends - Mary Meeker,27
565,Local Telco Hotspots,22
566,Dealer Wireline,179
567,Digital Trends - Mary Meeker,35
568,National Roaming Free,136
568,Unlimited Data Plans,94
569,Local Complaints Log,67
570,Telco Trends Report,50
571,Digital Trends - Mary Meeker,28
572,Digital Trends - Mary Meeker,29
573,Digital Trends - Mary Meeker,33
574,Local Telco Hotspots,15
575,DTH Performance Yearly,44
576,Prepaid Analysis Report,93
577,Digital Trends - Mary Meeker,41
578,Prepaid Analysis Report,92
579,Local Telco Hotspots,19
580,Digital Trends - Mary Meeker,32
581,Local Complaints Log,59
582,3G Rural,168
583,Digital Trends - Mary Meeker,37
584,Postpaid Analytics,79
585,Digital Trends - Mary Meeker,39
586,Digital Trends - Mary Meeker,34
587,Local Telco Hotspots,14
588,Business Postpaid,202
589,DTH Performance Yearly,43
590,Local Telco Hotspots,18
591,Dealer Wireline,178
592,Local Telco Hotspots,9
593,Local Telco Hotspots,12
594,Local Telco Hotspots,5
595,Local Complaints Log,64
596,Telco Churn Prevention Report,127
597,Business Postpaid,48
597,Unlimited Data Plans,158
598,Local Telco Hotspots,4
599,Local Telco Hotspots,1
600,Local Telco Hotspots,2
601,Local Telco Hotspots,20
602,DTH Performance Yearly,50
603,Unlimited Data Plans,209
604,Postpaid Analytics,81
605,Digital Trends - Mary Meeker,31
606,Local Complaints Log,66
607,Local Complaints Log,66
608,Digital Trends - Mary Meeker,30
609,Local Complaints Log,60
610,Digital Trends - Mary Meeker,41
611,Digital Trends - Mary Meeker,40
612,Digital Trends - Mary Meeker,34
613,Digital Trends - Mary Meeker,27
614,Telco Trends Report,51
615,Telco Trends Report,59
616,Local Complaints Log,64
617,Local Telco Hotspots,18
618,Local Telco Hotspots,18
619,Local Complaints Log,64
620,DTH Performance Yearly,43
621,Local Telco Hotspots,11
622,Digital Trends - Mary Meeker,39
623,Digital Trends - Mary Meeker,39
624,Local Telco Hotspots,22
625,Postpaid Analytics,82
626,Local Telco Hotspots,4
627,Postpaid Analytics,75
628,Dealer Wireless,105
628,3G Rural,64
629,Postpaid Analytics,77
630,Digital Trends - Mary Meeker,31
631,Telco Microsegments,119
632,Telco Trends Report,58
633,Local Complaints Log,69
634,Local Telco Hotspots,24
635,Local Telco Hotspots,23
636,Prepaid Analysis Report,91
637,Digital Trends - Mary Meeker,38
638,DTH Performance Yearly,44
639,Digital Trends - Mary Meeker,40
640,Postpaid Analytics,82
641,Digital Trends - Mary Meeker,33
642,Prepaid Analysis Report,89
643,Local Telco Hotspots,4
644,Digital Trends - Mary Meeker,35
645,Digital Trends - Mary Meeker,27
646,Digital Trends - Mary Meeker,38
647,Local Complaints Log,70
648,Local Complaints Log,67
649,DTH Performance Yearly,50
650,Local Complaints Log,72
651,Dealer Wireless,171
652,Prepaid Analysis Report,90
653,Digital Trends - Mary Meeker,34
654,Fiber Copper Cable,147
655,Unlimited Data Plans,227
656,DTH Performance Yearly,44
657,Telco Churn Prevention Report,131
658,Postpaid Analytics,79
659,Telco Microsegments,115
660,Customer Targeting Reports,153
661,Prepaid Analysis Report,88
662,Postpaid Analytics,82
663,Telco Microsegments,116
664,DTH Performance Yearly,46
665,Telco Microsegments,100
666,Local Telco Hotspots,5
667,Local Telco Hotspots,12
668,Local Telco Hotspots,6
669,Local Telco Hotspots,13
670,Digital Trends - Mary Meeker,36
671,DTH Performance Yearly,46
672,Local Complaints Log,65
673,Prepaid Analysis Report,86
674,DTH Performance Yearly,48
675,Telco Trends Report,54
676,Postpaid Analytics,77
677,Local Telco Hotspots,1
678,Unlimited Data Plans,219
679,Telco Microsegments,107
680,Digital Trends - Mary Meeker,34
681,Digital Trends - Mary Meeker,27
682,Telco Microsegments,100
683,DTH Performance Yearly,49
684,3G Rural,169
685,Customer Targeting Reports,157
686,DTH Performance Yearly,41
686,Telco Trends Report,9
687,Local Complaints Log,69
688,DTH Performance Yearly,44
689,Prepaid Analysis Report,87
690,Customer Targeting Reports,155
691,Local Telco Hotspots,16
692,3G Rural,164
693,Prepaid Analysis Report,91
694,DTH Performance Yearly,44
695,Local Telco Hotspots,13
696,Postpaid Analytics,79
697,Digital Trends - Mary Meeker,40
698,Local Telco Hotspots,10
699,Telco Microsegments,102
700,Local Telco Hotspots,15
701,Local Telco Hotspots,10
702,Telco Trends Report,53
703,Local Telco Hotspots,19
704,Local Telco Hotspots,24
705,Customer Portfolio MS,137
706,Local Telco Hotspots,6
707,Local Complaints Log,70
708,Telco Microsegments,101
709,Telco Microsegments,104
710,Postpaid Analytics,79
711,Local Telco Hotspots,1
712,Telco Trends Report,51
713,Local Complaints Log,72
714,Local Telco Hotspots,13
715,Prepaid Analysis Report,87
716,Telco Trends Report,58
717,Postpaid Analytics,82
718,Local Telco Hotspots,16
719,Digital Trends - Mary Meeker,29
720,Prepaid Analysis Report,86
721,Telco Trends Report,54
722,Telco Trends Report,58
723,Digital Trends - Mary Meeker,34
724,Postpaid Analytics,76
725,Local Telco Hotspots,16
726,Local Telco Hotspots,14
727,Local Complaints Log,63
728,DTH Performance Yearly,45
729,Postpaid Analytics,81
730,Local Telco Hotspots,24
731,Digital Trends - Mary Meeker,39
732,Dealer Wireline,180
733,Local Telco Hotspots,15
734,Digital Trends - Mary Meeker,27
735,Customer Portfolio MS,137
736,Postpaid Analytics,78
737,Local Complaints Log,59
738,Digital Trends - Mary Meeker,31
739,3G Rural,164
740,Local Complaints Log,63
741,Telco Trends Report,58
742,4G iPhone Combo,267
743,Digital Trends - Mary Meeker,39
744,Prepaid Analysis Report,92
745,Local Telco Hotspots,16
746,Telco Microsegments,119
747,Telco Microsegments,102
748,4G LTE,316
749,Telco Trends Report,51
750,Telco Microsegments,124
751,Dealer Wireline,180
752,Digital Trends - Mary Meeker,39
753,Local Telco Hotspots,24
754,Telco Trends Report,57
755,Prepaid Analysis Report,96
756,Telco Churn Prevention Report,128
757,Local Telco Hotspots,4
758,Local Telco Hotspots,21
759,Local Telco Hotspots,11
760,DTH Performance Yearly,46
761,DTH Performance Yearly,44
762,Telco Microsegments,115
763,Customer Targeting Reports,149
764,Digital Trends - Mary Meeker,29
765,Digital Trends - Mary Meeker,32
766,Local Telco Hotspots,9
767,Local Telco Hotspots,11
768,Telco Trends Report,52
769,Digital Trends - Mary Meeker,42
770,Telco Trends Report,57
771,Digital Trends - Mary Meeker,41
772,DTH Performance Yearly,49
773,Local Telco Hotspots,17
774,Digital Trends - Mary Meeker,32
775,Digital Trends - Mary Meeker,26
776,Local Telco Hotspots,9
777,Local Telco Hotspots,4
778,Postpaid Analytics,76
779,Digital Trends - Mary Meeker,31
780,Local Complaints Log,69
781,Postpaid Analytics,84
782,Local Telco Hotspots,10
783,Digital Trends - Mary Meeker,37
784,Local Telco Hotspots,2
785,Digital Trends - Mary Meeker,39
786,Local Telco Hotspots,14
787,Local Telco Hotspots,13
788,Local Telco Hotspots,3
789,DTH Performance Yearly,47
790,Local Complaints Log,66
791,Local Telco Hotspots,10
792,Prepaid Analysis Report,86
793,Local Telco Hotspots,10
794,DTH Performance Yearly,46
795,Local Telco Hotspots,21
796,Digital Trends - Mary Meeker,36
797,Digital Trends - Mary Meeker,31
798,Local Telco Hotspots,9
799,Local Telco Hotspots,5
800,Local Telco Hotspots,9
800,Digital Trends - Mary Meeker,17
801,Local Telco Hotspots,16
802,Digital Trends - Mary Meeker,40
803,Local Telco Hotspots,9
804,Local Telco Hotspots,8
805,Digital Trends - Mary Meeker,27
806,DTH Performance Yearly,50
807,Local Telco Hotspots,9
808,Digital Trends - Mary Meeker,31
809,DTH Performance Yearly,43
810,DTH Performance Yearly,45
811,Local Telco Hotspots,18
812,Local Telco Hotspots,18
813,Telco Trends Report,56
814,Local Telco Hotspots,1
815,Telco Microsegments,112
816,Local Telco Hotspots,21
817,Local Telco Hotspots,3
818,Local Telco Hotspots,25
819,Digital Trends - Mary Meeker,40
820,Prepaid Analysis Report,93
821,Local Telco Hotspots,22
822,Local Telco Hotspots,4
823,Postpaid Analytics,82
824,DTH Performance Yearly,49
825,Postpaid Analytics,83
826,Postpaid Analytics,80
827,Telco Trends Report,57
828,Local Telco Hotspots,13
829,Digital Trends - Mary Meeker,34
830,Local Telco Hotspots,1
831,Prepaid Analysis Report,91
832,Local Telco Hotspots,22
833,DTH Performance Yearly,49
834,Local Telco Hotspots,25
835,Local Telco Hotspots,15
836,Digital Trends - Mary Meeker,26
837,Local Telco Hotspots,25
838,Local Telco Hotspots,4
839,Local Telco Hotspots,4
840,Telco Trends Report,53
841,DTH Performance Yearly,48
842,Digital Trends - Mary Meeker,27
843,Digital Trends - Mary Meeker,30
844,Digital Trends - Mary Meeker,42
845,Dealer Wireline,176
846,DTH Performance Yearly,44
847,Telco Trends Report,55
848,Local Telco Hotspots,9
849,Telco Trends Report,53
850,Local Telco Hotspots,4
851,Local Telco Hotspots,4
852,Local Telco Hotspots,1
853,Local Telco Hotspots,14
854,Local Telco Hotspots,16
855,Local Complaints Log,66
856,Digital Trends - Mary Meeker,36
857,Local Telco Hotspots,1
858,Local Telco Hotspots,3
859,Local Telco Hotspots,15
860,Local Telco Hotspots,16
861,Local Telco Hotspots,3
862,Local Telco Hotspots,18
863,Local Telco Hotspots,24
864,Prepaid Analysis Report,86
865,Local Telco Hotspots,21
866,Telco Microsegments,119
867,Local Telco Hotspots,6
868,Local Telco Hotspots,5
869,Local Telco Hotspots,24
870,Local Telco Hotspots,9
871,Postpaid Analytics,75
872,Digital Trends - Mary Meeker,42
873,Postpaid Analytics,81
874,Digital Trends - Mary Meeker,39
875,Telco Trends Report,53
876,DTH Performance Yearly,47
877,Telco Trends Report,52
878,Digital Trends - Mary Meeker,33
879,Customer Portfolio MS,136
880,Local Complaints Log,59
881,DTH Performance Yearly,45
882,Digital Trends - Mary Meeker,34
883,Local Telco Hotspots,13
884,Local Telco Hotspots,7
885,Local Telco Hotspots,13
886,Telco Trends Report,53
887,Local Complaints Log,64
888,Local Telco Hotspots,15
889,Local Telco Hotspots,13
890,DTH Performance Yearly,43
891,Local Telco Hotspots,6
892,Telco Trends Report,53
893,Local Telco Hotspots,14
894,Local Telco Hotspots,19
895,Telco Microsegments,106
896,DTH Performance Yearly,44
897,Local Telco Hotspots,2
898,Telco Trends Report,58
899,Local Telco Hotspots,9
900,Digital Trends - Mary Meeker,42
901,Local Telco Hotspots,12
902,Digital Trends - Mary Meeker,42
903,Local Telco Hotspots,18
904,Local Telco Hotspots,20
905,Digital Trends - Mary Meeker,27
906,Local Telco Hotspots,21
907,Local Telco Hotspots,2
908,Local Telco Hotspots,20
909,Local Telco Hotspots,13
910,Local Telco Hotspots,4
911,Local Telco Hotspots,4
912,Local Telco Hotspots,9
913,Local Telco Hotspots,2
914,Local Telco Hotspots,11
915,Local Telco Hotspots,13
916,Local Telco Hotspots,18
917,Local Telco Hotspots,7
918,Local Telco Hotspots,8
919,Prepaid Analysis Report,96
920,Local Telco Hotspots,5
921,DTH Performance Yearly,46
922,Digital Trends - Mary Meeker,34
923,Telco Trends Report,58
924,Prepaid Analysis Report,85
925,Digital Trends - Mary Meeker,34
926,Telco Microsegments,101
927,Local Telco Hotspots,6
928,Telco Microsegments,104
929,Digital Trends - Mary Meeker,40
930,Postpaid Analytics,80
931,Telco Trends Report,57
932,Digital Trends - Mary Meeker,40
933,Local Telco Hotspots,21
934,Local Complaints Log,68
935,Local Telco Hotspots,7
936,Digital Trends - Mary Meeker,32
937,Digital Trends - Mary Meeker,37
938,Local Telco Hotspots,25
939,Local Complaints Log,60
940,Digital Trends - Mary Meeker,32
941,DTH Performance Yearly,46
942,DTH Performance Yearly,45
943,Digital Trends - Mary Meeker,40
944,DTH Performance Yearly,43
945,Digital Trends - Mary Meeker,40
946,Local Complaints Log,61
947,Local Telco Hotspots,17
948,DTH Performance Yearly,48
949,Local Complaints Log,71
950,Digital Trends - Mary Meeker,30
951,Digital Trends - Mary Meeker,39
952,DTH Performance Yearly,45
953,Local Telco Hotspots,22
954,Local Telco Hotspots,11
955,DTH Performance Yearly,49
956,DTH Performance Yearly,46
957,Local Telco Hotspots,2
958,Local Telco Hotspots,14
959,Local Complaints Log,64
960,Local Telco Hotspots,25
961,Digital Trends - Mary Meeker,34
962,Local Telco Hotspots,23
963,Digital Trends - Mary Meeker,41
964,Local Telco Hotspots,9
965,Local Telco Hotspots,21
966,Local Telco Hotspots,26
967,Local Telco Hotspots,12
968,Local Telco Hotspots,18
969,Postpaid Analytics,75
970,Local Telco Hotspots,8
971,Digital Trends - Mary Meeker,34
972,Digital Trends - Mary Meeker,28
973,Local Telco Hotspots,4
974,Digital Trends - Mary Meeker,32
975,DTH Performance Yearly,44
976,Local Telco Hotspots,12
977,DTH Performance Yearly,49
978,Digital Trends - Mary Meeker,27
979,Digital Trends - Mary Meeker,35
980,Local Telco Hotspots,22
981,Local Telco Hotspots,8
982,Local Telco Hotspots,20
983,Local Telco Hotspots,15
984,DTH Performance Yearly,44
985,Local Telco Hotspots,22
986,Local Telco Hotspots,23
987,Local Telco Hotspots,4
988,Prepaid Analysis Report,86
989,Digital Trends - Mary Meeker,32
990,Digital Trends - Mary Meeker,33
991,Local Telco Hotspots,25
992,Local Telco Hotspots,4
993,Local Complaints Log,66
994,Local Telco Hotspots,7
995,Digital Trends - Mary Meeker,31
996,Local Telco Hotspots,14
997,Local Telco Hotspots,16
998,Local Telco Hotspots,16
999,Local Telco Hotspots,10
1000,Local Telco Hotspots,10
1001,Local Telco Hotspots,17
1002,Local Telco Hotspots,8
1003,Local Telco Hotspots,8
1004,Local Telco Hotspots,9
1005,Local Telco Hotspots,22
1006,Local Telco Hotspots,23
1007,DTH Performance Yearly,47
1008,Digital Trends - Mary Meeker,37
1009,Local Complaints Log,64
1010,DTH Performance Yearly,44
1011,Prepaid Analysis Report,93
1012,Telco Microsegments,100
1013,Digital Trends - Mary Meeker,38
1014,Telco Microsegments,13
1014,Prepaid Analysis Report,85
1015,Local Telco Hotspots,12
1016,Customer Portfolio MS,137
1017,Telco Trends Report,50
1018,Digital Trends - Mary Meeker,32
1019,Digital Trends - Mary Meeker,31
1020,Digital Trends - Mary Meeker,35
1021,Digital Trends - Mary Meeker,38
1022,Digital Trends - Mary Meeker,32
1023,Digital Trends - Mary Meeker,31
1024,Local Telco Hotspots,15
1025,DTH Performance Yearly,44
1026,Local Telco Hotspots,4
1027,Local Telco Hotspots,3
1028,Fiber Copper Cable,148
1029,Local Telco Hotspots,14
1030,Local Telco Hotspots,20
1031,Local Telco Hotspots,7
1032,Local Telco Hotspots,16
1033,Digital Trends - Mary Meeker,32
1034,Digital Trends - Mary Meeker,27
1035,Local Complaints Log,68
1036,Local Telco Hotspots,24
1037,Local Telco Hotspots,24
1038,Local Telco Hotspots,17
1039,Prepaid Analysis Report,90
1040,Local Telco Hotspots,25
1041,Local Complaints Log,62
1042,Digital Trends - Mary Meeker,28
1043,Local Telco Hotspots,8
1044,Digital Trends - Mary Meeker,40
1045,Local Telco Hotspots,25
1046,DTH Performance Yearly,46
1047,Customer Portfolio MS,134
1048,Local Complaints Log,26
1048,Postpaid Analytics,47
1049,Local Telco Hotspots,25
1050,DTH Performance Yearly,43
1051,Digital Trends - Mary Meeker,41
1052,Local Telco Hotspots,25
1053,Local Telco Hotspots,24
1054,Local Telco Hotspots,23
1055,Local Telco Hotspots,10
1056,Local Telco Hotspots,10
1057,Local Telco Hotspots,22
1058,Local Telco Hotspots,15
1059,Digital Trends - Mary Meeker,35
1060,Digital Trends - Mary Meeker,39
1061,Digital Trends - Mary Meeker,29
1062,Local Telco Hotspots,12
1063,Digital Trends - Mary Meeker,41
1064,Local Telco Hotspots,4
1065,Telco Trends Report,53
1066,Local Telco Hotspots,16
1067,DTH Performance Yearly,44
1068,Local Telco Hotspots,12
1069,Local Telco Hotspots,18
1070,Digital Trends - Mary Meeker,27
1071,Local Telco Hotspots,16
1072,Local Telco Hotspots,7
1073,Local Complaints Log,66
1074,Postpaid Analytics,77
1075,Local Telco Hotspots,7
1076,Local Telco Hotspots,12
1077,Local Telco Hotspots,8
1078,Local Telco Hotspots,22
1079,DTH Performance Yearly,45
1080,Local Telco Hotspots,2
1081,Local Telco Hotspots,8
1082,Local Telco Hotspots,8
1083,Local Telco Hotspots,6
1084,Local Telco Hotspots,21
1085,Local Telco Hotspots,11
1086,Local Telco Hotspots,21
1087,Local Telco Hotspots,10
1088,Local Telco Hotspots,13
1089,Digital Trends - Mary Meeker,38
1090,Digital Trends - Mary Meeker,37
1091,DTH Performance Yearly,43
1092,Local Telco Hotspots,12
1093,Local Telco Hotspots,23
1094,Local Telco Hotspots,12
1095,Digital Trends - Mary Meeker,29
1096,Local Telco Hotspots,3
1097,Local Telco Hotspots,18
1098,Digital Trends - Mary Meeker,42
1099,Local Telco Hotspots,13
1100,Local Telco Hotspots,8
1101,Postpaid Analytics,74
1102,Local Telco Hotspots,7
1103,Local Telco Hotspots,19
1104,Local Telco Hotspots,4
1105,Local Telco Hotspots,18
1106,Local Telco Hotspots,4
1107,Local Telco Hotspots,18
1108,Local Telco Hotspots,5
1109,Digital Trends - Mary Meeker,28
1110,Digital Trends - Mary Meeker,41
1111,Local Telco Hotspots,7
1112,Local Telco Hotspots,15
1113,Local Telco Hotspots,22
1114,Local Telco Hotspots,10
1115,Digital Trends - Mary Meeker,29
1116,Local Telco Hotspots,13
1117,Local Telco Hotspots,19
1118,DTH Performance Yearly,47
1119,Local Complaints Log,59
1120,Local Telco Hotspots,17
1121,Local Telco Hotspots,21
1122,Local Telco Hotspots,1
1123,Local Telco Hotspots,3
1124,Local Telco Hotspots,12
1125,Local Telco Hotspots,4
1126,Digital Trends - Mary Meeker,32
1127,Local Telco Hotspots,11
1128,Local Telco Hotspots,13
1129,Digital Trends - Mary Meeker,28
1130,Local Telco Hotspots,1
1131,Local Telco Hotspots,13
1132,Digital Trends - Mary Meeker,32
1133,Digital Trends - Mary Meeker,30
1134,Digital Trends - Mary Meeker,38
1135,DTH Performance Yearly,46
1136,Digital Trends - Mary Meeker,29
1137,Digital Trends - Mary Meeker,29
1138,Local Telco Hotspots,5
1139,Digital Trends - Mary Meeker,33
1140,Local Telco Hotspots,17
1141,Local Telco Hotspots,9
1142,DTH Performance Yearly,44
1143,Local Telco Hotspots,15
1144,Local Telco Hotspots,3
1145,Local Telco Hotspots,9
1146,Local Telco Hotspots,3
1147,Local Telco Hotspots,21
1148,Local Telco Hotspots,9
1149,Digital Trends - Mary Meeker,26
1150,Local Telco Hotspots,9
1151,Local Telco Hotspots,7
1152,Digital Trends - Mary Meeker,28
1153,Local Telco Hotspots,19
1154,Local Telco Hotspots,12
1155,Local Telco Hotspots,3
1156,Local Telco Hotspots,1
1157,Local Telco Hotspots,25
1158,Local Telco Hotspots,4
1159,Local Telco Hotspots,11
1160,Digital Trends - Mary Meeker,26
1161,Local Telco Hotspots,13
1162,Local Telco Hotspots,5
1163,Local Telco Hotspots,25
1164,Local Telco Hotspots,6
1165,Local Telco Hotspots,14
1166,Local Telco Hotspots,12
1167,Local Telco Hotspots,11
1168,Local Telco Hotspots,22
1169,Local Telco Hotspots,10
1170,Digital Trends - Mary Meeker,27
1171,Local Telco Hotspots,14
1172,Local Telco Hotspots,15
1173,Local Telco Hotspots,7
1174,Local Telco Hotspots,8
1175,Local Telco Hotspots,5
1176,Local Telco Hotspots,22
1177,Local Telco Hotspots,7
1178,Local Telco Hotspots,19
1179,Local Telco Hotspots,9
1180,Local Telco Hotspots,10
1181,Local Telco Hotspots,10
1182,Local Telco Hotspots,13
1183,Local Telco Hotspots,19
1184,Local Telco Hotspots,10
1185,Local Telco Hotspots,18
1186,Local Telco Hotspots,3
1187,Local Telco Hotspots,13
1188,DTH Performance Yearly,44
1189,Local Telco Hotspots,3
1190,Local Telco Hotspots,11
1191,Local Telco Hotspots,3
1192,Local Telco Hotspots,13
1193,Local Telco Hotspots,10
1194,Digital Trends - Mary Meeker,31
1195,Local Telco Hotspots,11
1196,Local Telco Hotspots,3
1197,DTH Performance Yearly,45
1198,Local Telco Hotspots,7
1199,Local Telco Hotspots,23
1200,Local Telco Hotspots,7
1201,Local Telco Hotspots,1
1202,Local Telco Hotspots,8
1203,Local Telco Hotspots,21
1204,Local Telco Hotspots,18
1205,Local Telco Hotspots,6
1206,Local Telco Hotspots,19
1207,Local Telco Hotspots,17
1208,Local Telco Hotspots,20
1209,Local Telco Hotspots,15
1210,Digital Trends - Mary Meeker,38
1211,Local Telco Hotspots,12
1212,Local Telco Hotspots,6
1213,Local Telco Hotspots,6
1214,Local Telco Hotspots,9
1215,Digital Trends - Mary Meeker,30
1216,Local Telco Hotspots,6
1217,Digital Trends - Mary Meeker,39
1218,Local Telco Hotspots,26
1219,Local Telco Hotspots,20
1220,Digital Trends - Mary Meeker,30
1221,Digital Trends - Mary Meeker,39
1222,Local Telco Hotspots,25
1223,Local Telco Hotspots,4
1224,Local Telco Hotspots,12
1225,Local Telco Hotspots,14
1226,Digital Trends - Mary Meeker,32
1227,Local Telco Hotspots,8
1228,DTH Performance Yearly,48
1229,Local Telco Hotspots,13
1230,Local Telco Hotspots,18
1231,Local Telco Hotspots,22
1232,Local Telco Hotspots,17
1233,Local Telco Hotspots,6
1234,Local Telco Hotspots,8
1235,Local Telco Hotspots,1
1236,Local Telco Hotspots,1
1237,Local Telco Hotspots,6
1238,Local Telco Hotspots,8
1239,Local Telco Hotspots,18
1240,Local Telco Hotspots,26
1241,Local Telco Hotspots,6
1242,Local Telco Hotspots,5
1243,Local Telco Hotspots,7
1244,Digital Trends - Mary Meeker,36
1245,Local Telco Hotspots,19
1246,Local Telco Hotspots,7
1247,Local Telco Hotspots,6
1248,Local Telco Hotspots,19
1249,Local Telco Hotspots,12
1250,Local Telco Hotspots,6
1251,Local Telco Hotspots,8
1252,Local Telco Hotspots,9
1253,Local Telco Hotspots,7
1254,Local Telco Hotspots,11
1255,Local Telco Hotspots,8
1256,Local Telco Hotspots,3
1257,Local Telco Hotspots,4
1258,Local Telco Hotspots,23
1259,Local Telco Hotspots,4
1260,Local Telco Hotspots,4
1261,Local Telco Hotspots,4
1262,Local Telco Hotspots,8
1263,Local Telco Hotspots,15
1264,Local Telco Hotspots,7
1265,Local Telco Hotspots,19
1266,Local Telco Hotspots,12
1267,Digital Trends - Mary Meeker,33
1268,Local Telco Hotspots,10
1269,Local Telco Hotspots,10
1270,Local Telco Hotspots,7
1271,Local Telco Hotspots,7
1272,Local Telco Hotspots,5
1273,Local Telco Hotspots,15
1274,Local Telco Hotspots,11
1275,Local Telco Hotspots,4
1276,Local Telco Hotspots,8
1277,Local Telco Hotspots,19
1278,Local Telco Hotspots,16
1279,Local Telco Hotspots,9
1280,Local Telco Hotspots,16
1281,Local Telco Hotspots,13
1282,Local Telco Hotspots,9
1283,Local Telco Hotspots,19
1284,Local Telco Hotspots,26
1285,Local Telco Hotspots,15
1286,Local Telco Hotspots,17
1287,Local Telco Hotspots,6
1288,Local Telco Hotspots,7
1289,Local Telco Hotspots,7
1290,Local Telco Hotspots,2
1291,Local Telco Hotspots,15
1292,Local Telco Hotspots,3
1293,Local Telco Hotspots,3
1294,Local Telco Hotspots,7
1295,Local Telco Hotspots,7
1296,Local Telco Hotspots,20
1297,Local Telco Hotspots,12
1298,Local Telco Hotspots,9
1299,Local Telco Hotspots,8
1300,Local Telco Hotspots,9
1301,Local Telco Hotspots,5
1302,Local Telco Hotspots,5
1303,Local Telco Hotspots,18
1304,Local Telco Hotspots,2
1305,Local Telco Hotspots,7
1306,Local Telco Hotspots,2
1307,Local Telco Hotspots,2
1308,Local Telco Hotspots,2
1309,Local Telco Hotspots,1
1310,Local Telco Hotspots,1
1311,Local Telco Hotspots,16
1312,Local Telco Hotspots,7
1313,Local Telco Hotspots,14
1314,Local Telco Hotspots,11
1315,Local Telco Hotspots,23
1316,Local Telco Hotspots,7
1317,Local Telco Hotspots,4
1318,Local Telco Hotspots,3
1319,Local Telco Hotspots,4
1320,Local Telco Hotspots,1
1321,Local Telco Hotspots,2
1322,Local Telco Hotspots,6
1323,Local Telco Hotspots,3
1324,Local Telco Hotspots,5
1325,Local Telco Hotspots,1
1326,Local Telco Hotspots,6
1327,Local Telco Hotspots,3
1328,Local Telco Hotspots,6
1329,Local Telco Hotspots,1
1330,Local Telco Hotspots,4
1331,Local Telco Hotspots,4
1332,Local Telco Hotspots,2
1333,Local Telco Hotspots,5
1334,Local Telco Hotspots,2
1335,Local Telco Hotspots,11
1336,Local Telco Hotspots,10
1337,Local Telco Hotspots,9
1338,Local Telco Hotspots,4
1339,Local Telco Hotspots,1
1340,Local Telco Hotspots,1
1341,Local Telco Hotspots,1
1342,Local Telco Hotspots,2
1343,Local Telco Hotspots,1
1344,Local Telco Hotspots,5
1345,Local Telco Hotspots,2
1346,Local Telco Hotspots,5
1347,Local Telco Hotspots,4
1348,Local Telco Hotspots,1
1349,Local Telco Hotspots,1
1350,Local Telco Hotspots,2
1351,Local Telco Hotspots,3
1352,Local Telco Hotspots,1
1353,Local Telco Hotspots,5
1354,Local Telco Hotspots,2
1355,Local Telco Hotspots,6
1356,Local Telco Hotspots,3
1357,Local Telco Hotspots,3
1358,Local Telco Hotspots,2
1359,Local Telco Hotspots,2
1360,Local Telco Hotspots,2
1361,Local Telco Hotspots,3
1362,Local Telco Hotspots,2
1363,Local Telco Hotspots,1
1364,Local Telco Hotspots,1
1365,Local Telco Hotspots,2
1366,Local Telco Hotspots,1
1367,Local Telco Hotspots,5
1368,Local Telco Hotspots,6
1369,Local Telco Hotspots,4
1370,Local Telco Hotspots,3
1371,Local Telco Hotspots,2
1372,Local Telco Hotspots,3
1373,Local Telco Hotspots,1
1374,Local Telco Hotspots,2
1375,Local Telco Hotspots,10
1376,Local Telco Hotspots,7
1377,Local Telco Hotspots,4
1378,Local Telco Hotspots,5
1379,Local Telco Hotspots,7
1380,Local Telco Hotspots,6
1381,Local Telco Hotspots,8
1382,Local Telco Hotspots,4
1383,Local Telco Hotspots,6
1384,Local Telco Hotspots,3
1385,Local Telco Hotspots,5
1386,Local Telco Hotspots,6
1387,Local Telco Hotspots,3
1388,Local Telco Hotspots,6
1389,Local Telco Hotspots,3
1390,Local Telco Hotspots,2
1391,Local Telco Hotspots,3
1392,Local Telco Hotspots,5
1393,Local Telco Hotspots,9
1394,Local Telco Hotspots,7
1395,Local Telco Hotspots,6
1396,Local Telco Hotspots,5
1397,Local Telco Hotspots,5
1398,Local Telco Hotspots,2
1399,Local Telco Hotspots,7
1400,Local Telco Hotspots,10
1401,Local Telco Hotspots,18
1402,Local Telco Hotspots,4
1403,Local Telco Hotspots,4
1404,Local Telco Hotspots,13
1405,Local Telco Hotspots,6
1406,Local Telco Hotspots,5
1407,Local Telco Hotspots,20
1408,Local Telco Hotspots,3
1409,Local Telco Hotspots,7
1410,Local Telco Hotspots,4
1411,Digital Trends - Mary Meeker,28
1412,Local Telco Hotspots,6
1413,Local Telco Hotspots,8
1414,Local Telco Hotspots,1
1415,Local Telco Hotspots,9
1416,Local Telco Hotspots,5
1417,Local Telco Hotspots,2
1418,Local Telco Hotspots,3
1419,Local Telco Hotspots,16
1420,Local Telco Hotspots,3
1421,Local Telco Hotspots,11
1422,Local Telco Hotspots,4
1423,Local Telco Hotspots,4
1424,Local Telco Hotspots,3
1425,Local Telco Hotspots,10
1426,Local Telco Hotspots,8
1427,Local Telco Hotspots,5
1428,Local Telco Hotspots,12
1429,Local Telco Hotspots,4
1430,Local Telco Hotspots,3
1431,Local Telco Hotspots,5
1432,Local Telco Hotspots,3
1433,Local Telco Hotspots,2
1434,Local Telco Hotspots,10
1435,Local Telco Hotspots,7
1436,Local Telco Hotspots,2
1437,Local Telco Hotspots,9
1438,Local Telco Hotspots,5
1439,Local Telco Hotspots,8
1440,Local Telco Hotspots,5
1441,Local Telco Hotspots,7
1442,Local Telco Hotspots,5
1443,Local Telco Hotspots,4
1444,Local Telco Hotspots,19
1445,Local Telco Hotspots,4
1446,Local Telco Hotspots,15
1447,Local Telco Hotspots,1
1448,Local Telco Hotspots,3
1449,Local Telco Hotspots,8
1450,Local Telco Hotspots,2
1451,Local Telco Hotspots,15
1452,Local Telco Hotspots,1
1453,Local Telco Hotspots,1
1454,Local Telco Hotspots,6
1455,Local Telco Hotspots,2
1456,Local Telco Hotspots,7
1457,Local Telco Hotspots,1
1458,Local Telco Hotspots,1
1459,Local Telco Hotspots,7
1460,Local Telco Hotspots,1
1461,Local Telco Hotspots,1
1462,Local Telco Hotspots,7
1463,Local Telco Hotspots,3
1464,Local Telco Hotspots,3
1465,Local Telco Hotspots,3
1466,Local Telco Hotspots,6
1467,Local Telco Hotspots,2
1468,Local Telco Hotspots,6
1469,Local Telco Hotspots,12
1470,Local Telco Hotspots,5
1471,Local Telco Hotspots,9
1472,Local Telco Hotspots,2
1473,Local Telco Hotspots,9
1474,Local Telco Hotspots,6
1475,Local Telco Hotspots,8
1476,Local Telco Hotspots,1
1477,Local Telco Hotspots,2
1478,Local Telco Hotspots,18
1479,Local Telco Hotspots,8
1480,Local Telco Hotspots,11
1481,Local Telco Hotspots,2
1482,Local Telco Hotspots,1
1483,Local Telco Hotspots,12
1484,Local Telco Hotspots,3
1485,Local Telco Hotspots,4
1486,Local Telco Hotspots,1
1487,Local Telco Hotspots,5
1488,Local Telco Hotspots,4
1489,Local Telco Hotspots,5
1490,Local Telco Hotspots,3
1491,Local Telco Hotspots,2
1492,Local Telco Hotspots,1
1493,Local Telco Hotspots,1
1494,Local Telco Hotspots,1
1495,Local Telco Hotspots,5
1496,Local Telco Hotspots,5
1497,Local Telco Hotspots,2
1498,Local Telco Hotspots,1
1499,Local Telco Hotspots,4
1500,Local Telco Hotspots,2
1501,Local Telco Hotspots,5
1502,Local Telco Hotspots,2
1503,Local Telco Hotspots,10
1504,Local Telco Hotspots,3
1505,Local Telco Hotspots,1
1506,Local Telco Hotspots,3
1507,Local Telco Hotspots,1
1508,Local Telco Hotspots,3
1509,Local Telco Hotspots,5
1510,Local Telco Hotspots,1
1511,Local Telco Hotspots,5
1512,Local Telco Hotspots,6
1513,Local Telco Hotspots,3
1514,Local Telco Hotspots,7
1515,Local Telco Hotspots,1
1516,Local Telco Hotspots,3
1517,Local Telco Hotspots,5
1518,Local Telco Hotspots,12
1519,Local Telco Hotspots,2
1520,Local Telco Hotspots,1
1521,Local Telco Hotspots,4
1522,Local Telco Hotspots,7
1523,Local Telco Hotspots,2
1524,Local Telco Hotspots,8
1525,Local Telco Hotspots,1
1526,Local Telco Hotspots,1
1527,Local Telco Hotspots,7
1528,Local Telco Hotspots,3
1529,Local Telco Hotspots,5
1530,Local Telco Hotspots,5
1531,Local Telco Hotspots,7
1532,Local Telco Hotspots,2
1533,Local Telco Hotspots,1
1534,Local Telco Hotspots,6
1535,Local Telco Hotspots,4
1536,Local Telco Hotspots,1
1537,Local Telco Hotspots,4
1538,Local Telco Hotspots,3
1539,Local Telco Hotspots,4
1540,Local Telco Hotspots,10
1541,Local Telco Hotspots,2
1542,Local Telco Hotspots,2
1543,Local Telco Hotspots,1
1544,Local Telco Hotspots,3
1545,Local Telco Hotspots,4
1546,Local Telco Hotspots,1
1547,Local Telco Hotspots,2
1548,Local Telco Hotspots,1
1549,Local Telco Hotspots,2
1550,Local Telco Hotspots,2
1551,Local Telco Hotspots,2
1552,Local Telco Hotspots,3
1553,Local Telco Hotspots,4
1554,Local Telco Hotspots,2
1555,Local Telco Hotspots,5
1556,Local Telco Hotspots,2
1557,Local Telco Hotspots,1
1558,Local Telco Hotspots,7
1559,Local Telco Hotspots,1
1560,Local Telco Hotspots,4
1561,Local Telco Hotspots,1
1562,Local Telco Hotspots,1
1563,Local Telco Hotspots,1
1564,Local Telco Hotspots,1
1565,Local Telco Hotspots,1
1566,Local Telco Hotspots,1
1567,Local Telco Hotspots,1
1568,Local Telco Hotspots,1
1569,Local Telco Hotspots,1
1570,Local Telco Hotspots,1
1571,Local Telco Hotspots,1
1572,Local Telco Hotspots,1
1573,Local Telco Hotspots,2
1574,Local Telco Hotspots,1
1575,Local Telco Hotspots,1
1576,Local Telco Hotspots,1
1577,Local Telco Hotspots,1
1578,Local Telco Hotspots,2
1579,Local Telco Hotspots,1
1580,Local Telco Hotspots,1
1581,Local Telco Hotspots,1
1582,Local Telco Hotspots,1
1583,Local Telco Hotspots,1
1584,Local Telco Hotspots,1
1585,Local Telco Hotspots,2
1586,Local Telco Hotspots,1
1587,Local Telco Hotspots,1
1588,Local Telco Hotspots,2
1589,Local Telco Hotspots,4
1590,Local Telco Hotspots,2
1591,Local Telco Hotspots,6
1592,Local Telco Hotspots,5
1593,Local Telco Hotspots,1
1594,Local Telco Hotspots,2
1595,Local Telco Hotspots,1
1596,Local Telco Hotspots,1
1597,Local Telco Hotspots,5
1598,Local Telco Hotspots,6
1599,Local Telco Hotspots,1
1600,Local Telco Hotspots,4
1601,Local Telco Hotspots,1
1602,Local Telco Hotspots,3
1603,Local Telco Hotspots,1
1604,Local Telco Hotspots,1
1605,Local Telco Hotspots,4
1606,Local Telco Hotspots,1
1607,Local Telco Hotspots,3
1608,Local Telco Hotspots,4
1609,Local Telco Hotspots,3
1610,Local Telco Hotspots,3
1611,Local Telco Hotspots,2
1612,Local Telco Hotspots,4
1613,Local Telco Hotspots,1
1614,Local Telco Hotspots,1
1615,Local Telco Hotspots,10
1616,Local Telco Hotspots,1
1617,Local Telco Hotspots,2
1618,Local Telco Hotspots,1
1619,Local Telco Hotspots,1
1620,Local Telco Hotspots,9
1621,Local Telco Hotspots,1
1622,Local Telco Hotspots,3
1623,Local Telco Hotspots,3
1624,Local Telco Hotspots,1
1625,Local Telco Hotspots,1
1626,Local Telco Hotspots,1
1627,Local Telco Hotspots,1
1628,Local Telco Hotspots,4
1629,Local Telco Hotspots,2
1630,Local Telco Hotspots,1
1631,Local Telco Hotspots,2
1632,Local Telco Hotspots,1
1633,Local Telco Hotspots,1
1634,Local Telco Hotspots,1
1635,Local Telco Hotspots,1
1636,Local Telco Hotspots,1
1637,Local Telco Hotspots,1
1638,Local Telco Hotspots,1
1639,Local Telco Hotspots,3
1640,Local Telco Hotspots,1
1641,Local Telco Hotspots,1
1642,Local Telco Hotspots,2
1643,Local Telco Hotspots,4
1644,Local Telco Hotspots,2
1645,Local Telco Hotspots,1
1646,Local Telco Hotspots,2
1647,Local Telco Hotspots,1
1648,Local Telco Hotspots,1
1649,Local Telco Hotspots,1
1650,Local Telco Hotspots,1
1651,Local Telco Hotspots,1
1652,Local Telco Hotspots,3
1653,Local Telco Hotspots,1
1654,Local Telco Hotspots,1
1655,Local Telco Hotspots,1
1656,Local Telco Hotspots,2
1657,Local Telco Hotspots,1
1658,Local Telco Hotspots,3
1659,Local Telco Hotspots,1
1660,Local Telco Hotspots,1
1661,Local Telco Hotspots,1
1662,Local Telco Hotspots,2
1663,Local Telco Hotspots,1
1664,Local Telco Hotspots,4
1665,Local Telco Hotspots,1
1666,Local Telco Hotspots,1
1667,Local Telco Hotspots,1
1668,Local Telco Hotspots,1
1669,Local Telco Hotspots,1
1670,Local Telco Hotspots,1
1671,Local Telco Hotspots,1
1672,Local Telco Hotspots,2
1673,Local Telco Hotspots,1
1674,Local Telco Hotspots,1
1675,Local Telco Hotspots,1
1676,Local Telco Hotspots,1
1677,Local Telco Hotspots,1
1678,Local Telco Hotspots,1
1679,Local Telco Hotspots,1
1680,Local Telco Hotspots,1
1681,Local Telco Hotspots,1
1682,Local Telco Hotspots,1
