product,Count
Telco Microsegments,7918
4G LTE,7175
Local Telco Hotspots,6993
Local Complaints Log,6572
Unlimited Data Plans,6543
Digital Trends - Mary Meeker,5916
Prepaid Analysis Report,5198
Telco Churn Prevention Report,3920
Postpaid Analytics,3742
Dealer Wireline,3732
DTH Performance Yearly,3667
Customer Portfolio MS,3417
Customer Targeting Reports,3315
Dealer Wireless,3184
National Roaming Free,3008
Business Postpaid,2894
Telco Trends Report,2883
4G iPhone Combo,2636
Broadband Premium,2136
US-UK Roaming,2001
3G Rural,1579
Postpaid Platinum,1373
Broadband Family,1234
National Connectivity Plan,1136
Fiber Copper Cable,1057
Offline Music Packs,1026
Prepaid International,694
F2H Fiber,688
Postpaid Roaming,683
DTH SD,627
Wireless Broadband,583
DTH HD,567
DSL,521
Prepaid,509
Postpaid,508
Broadband Basic,316
Fiber Coax Cable,49
